[
  {
    "namespace": "testingOverrides",
    "description": "Accesses preferences used to set studySetup testing flags",
    "functions": [
      {
        "name": "getVariationNameOverride",
        "type": "function",
        "async": true,
        "description": "",
        "parameters": []
      },
      {
        "name": "getFirstRunTimestampOverride",
        "type": "function",
        "async": true,
        "description": "",
        "parameters": []
      },
      {
        "name": "getExpiredOverride",
        "type": "function",
        "async": true,
        "description": "",
        "parameters": []
      },
      {
        "name": "listPreferences",
        "type": "function",
        "async": true,
        "description": "",
        "parameters": []
      }
    ]
  }
]
